{"temperature":316.0,"ProductionRate":40}
{"temperature":88.86782156500834,"ProductionRate":40}
{"temperature":-484.0,"ProductionRate":40}
{"temperature":85.4343136566994,"ProductionRate":40}
{"temperature":827.0,"ProductionRate":40}
{"temperature":73.2607941120107,"ProductionRate":40}
{"temperature":981.0,"ProductionRate":40}
{"temperature":91.04316640302923,"ProductionRate":40}
{"temperature":426.0,"ProductionRate":40}
{"temperature":79.22475471680887,"ProductionRate":40}
{"temperature":460.0,"ProductionRate":40}
{"temperature":79.5410759064035,"ProductionRate":40}
{"temperature":792.0,"ProductionRate":40}
{"temperature":93.1391787183285,"ProductionRate":40}
{"temperature":626.0,"ProductionRate":40}
{"temperature":78.1648414968237,"ProductionRate":40}
{"temperature":-882.0,"ProductionRate":40}
{"temperature":84.81885544888733,"ProductionRate":40}
{"temperature":437.0,"ProductionRate":40}
{"temperature":65.32461233738611,"ProductionRate":40}
{"temperature":-318.0,"ProductionRate":40}
{"temperature":86.17225643337389,"ProductionRate":40}
{"temperature":-775.0,"ProductionRate":40}
{"temperature":63.97744491085216,"ProductionRate":40}
{"temperature":-363.0,"ProductionRate":40}
{"temperature":67.66497331749302,"ProductionRate":40}
{"temperature":820.0,"ProductionRate":40}
{"temperature":83.13332462645968,"ProductionRate":40}
{"temperature":-527.0,"ProductionRate":40}
{"temperature":69.95291942805419,"ProductionRate":40}